"POS","EFFECT","ORF","brins","IMPACT","frame","start","end"
5101,"synonymous_variant","ORF5.1_nf","-","p.ProXXXPro",1,4633,5370
47613,"synonymous_variant","ORF32_nf","+","p.GlyXXXGly",3,47320,48978
48882,"synonymous_variant","ORF32_nf","+","p.AspXXXAsp",3,47320,48978
74171,"missense_variant","ORF50.1_nf","-","p.GluXXXLys",3,73623,74924
95887,"missense_variant","ORF65.1_nf","-","p.GluXXXLys",3,94958,96220
95975,"synonymous_variant","ORF65.1_nf","-","p.LeuXXXLeu",1,94958,96220
96057,"missense_variant","ORF65.1_nf","-","p.AspXXXGly",2,94958,96220
109946,"missense_variant","ORF73.1_nf","+","p.AspXXXAsn",1,109892,110518
158149,"missense_variant","ORF105.1_nf","-","p.GlnXXXHis",1,158104,158835
158166,"missense_variant","ORF105.1_nf","-","p.ArgXXXCys",3,158104,158835
158300,"missense_variant","ORF105.1_nf","-","p.SerXXXLeu",2,158104,158835
158419,"stop_gained","ORF105.1_nf","-","p.TyrXXX*",1,158104,158835
5237,"missense_variant","ORF5.1_nf","-","p.SerXXXPhe",2,4633,5370
47348,"missense_variant","ORF32_nf","+","p.SerXXXPhe",2,47320,48978
48884,"missense_variant","ORF32_nf","+","p.TrpXXXLeu",2,47320,48978
48885,"missense_variant","ORF32_nf","+","p.TrpXXXPhe",3,47320,48978
48888,"missense_variant","ORF32_nf","+","p.LeuXXXPhe",3,47320,48978
74556,"synonymous_variant","ORF50.1_nf","-","p.ValXXXVal",1,73623,74924
95619,"missense_variant","ORF65.1_nf","-","p.ThrXXXArg",2,94958,96220
95690,"synonymous_variant","ORF65.1_nf","-","p.IleXXXIle",1,94958,96220
96561,"missense_variant","ORF65.2_nf","-","p.AspXXXGly",2,96350,96928
158559,"missense_variant","ORF105.1_nf","-","p.ThrXXXPro",3,158104,158835
173708,"missense_variant","ORF5.1_nf","+","p.SerXXXPhe",2,173575,174312
4944,"missense_variant","ORF5.1_nf","-","p.GluXXXLys",3,4633,5370
48220,"missense_variant","ORF32_nf","+","p.AspXXXAsn",1,47320,48978
48283,"missense_variant","ORF32_nf","+","p.AspXXXAsn",1,47320,48978
95820,"missense_variant","ORF65.1_nf","-","p.SerXXXLeu",2,94958,96220
159178,"missense_variant","ORF105.2_nf","-","p.AspXXXAsn",3,158798,159283
174001,"missense_variant","ORF5.1_nf","+","p.GluXXXLys",1,173575,174312
96631,"synonymous_variant","ORF65.2_nf","-","p.GluXXXGlu",3,96350,96928
